{"val_loss": [4.96774477151724, 3.3632120697314924, 2.756505130621103, 2.574824622961191, 2.5454615226158728, 2.5457090040353627, 2.5469820323357215, 2.544696636933547, 2.5437837784106914, 2.547203722000122, 2.544844093322754, 2.5435956522134635, 2.5458876991271975, 2.5469686280764066, 2.5457628528888407, 2.546679152708787, 2.547027548276461, 2.5473659625420204, 2.5497054525522085, 2.5501436512286846, 2.547484535804162, 2.550069810427152, 2.5503637409210205], "val_acc": [0.18461538463830948, 0.3161538461996959, 0.4123076923076923, 0.4361538460621467, 0.44153846172186045, 0.4453846155680143, 0.443076923260322, 0.44076923095262965, 0.4461538463372451, 0.4469230768313775, 0.44769230760060824, 0.45076923067753133, 0.44999999990830053, 0.448461538369839, 0.44769230760060824, 0.4515384614467621, 0.4515384614467621, 0.4561538460621467, 0.4538461537544544, 0.4523076922159929, 0.4538461537544544, 0.4515384614467621, 0.4515384614467621], "loss": [3.269611583856436, 0.7614657682638902, 0.11093793655817326, 0.022509247660636902, 0.011003935150802136, 0.008534446047762266, 0.007061629273857062, 0.006039342305694635, 0.0053852483916741155, 0.004839105050151165, 0.004344456962381418, 0.003921901926111716, 0.003721570775199395, 0.0035185851951917775, 0.0031486496336471576, 0.003175399754769527, 0.0027708938223524734, 0.0027822552886433327, 0.0025881744269281625, 0.0024598232799997698, 0.0023592451024943817, 0.0022120335375746857, 0.0021831005131109403], "acc": [0.3194230769230769, 0.82, 0.9859615384615384, 0.999423076923077, 1.0, 1.0, 1.0, 1.0, 1.0, 1.0, 1.0, 1.0, 1.0, 1.0, 1.0, 1.0, 1.0, 1.0, 1.0, 1.0, 1.0, 1.0, 1.0]}