{"val_loss": [4.549053760528564, 3.1518471145629885, 2.7103054962158204, 2.6522330417633055, 2.6448645668029784, 2.643813636779785, 2.6450382080078123, 2.645443431854248, 2.647661813735962, 2.645389316558838, 2.647668212890625, 2.646435667037964, 2.648285398483276, 2.6465943813323975, 2.6464732284545898, 2.646635944366455, 2.6446069507598877], "val_acc": [0.21600000011920928, 0.33599999952316284, 0.41599999952316286, 0.418, 0.41399999952316285, 0.422, 0.418, 0.42199999952316286, 0.428, 0.428, 0.426, 0.42999999952316287, 0.422, 0.42199999952316286, 0.42599999952316286, 0.42399999952316286, 0.42599999952316286], "loss": [3.3001534521314833, 0.7370265780554878, 0.09782526723543802, 0.01840826306409306, 0.010211533301406436, 0.008354600490795241, 0.007013997499313619, 0.005798768796854549, 0.004932630463606782, 0.004711363516747951, 0.004330072527130445, 0.003894207373675373, 0.0035373401410049863, 0.003450614111291038, 0.003146687873949607, 0.0030106910674108397, 0.0027768993526697157], "acc": [0.3035555555025736, 0.8248888887829251, 0.9884444444444445, 1.0, 1.0, 1.0, 1.0, 1.0, 1.0, 1.0, 1.0, 1.0, 1.0, 1.0, 1.0, 1.0, 1.0]}