{"val_loss": [2.5032912473117603, 2.2343562863854802, 2.1917780073951274, 2.187543518402997, 2.19446153865141, 2.1877221884446985, 2.212495549987344, 2.225265538552228, 2.2350996738321642, 2.2681483961554134], "val_acc": [0.44941176470588234, 0.48941176477600545, 0.4941176476198084, 0.49882352927151846, 0.5035294116244596, 0.49882352927151846, 0.5000000005609849, 0.49294117703157314, 0.4952941182080437, 0.48941176526686725], "loss": [2.496805432388206, 0.769892004673777, 0.2623255231333714, 0.12746544993780798, 0.07824237307691886, 0.05630293016340218, 0.044100868211073035, 0.03684135024843652, 0.03288156909880295, 0.030441490403966966], "acc": [0.43895424836601304, 0.8166013071895425, 0.9573856209150327, 0.9928104575163399, 0.9980392156862745, 0.9993464052287582, 0.9994771241830065, 0.9997385620915032, 0.9997385620915032, 0.9996078431372549]}