{"val_loss": [2.433644257152782, 2.249674018691568, 2.1868582001854393, 2.177941537183874, 2.1839004107082594, 2.188512799319099, 2.191032236323637, 2.1937645732655247, 2.195044564639821, 2.1993736474654253, 2.1989960165584788, 2.2028504859699924], "val_acc": [0.4647058823529412, 0.48411764705882354, 0.49, 0.5017647058823529, 0.5005882352941177, 0.5029411764705882, 0.5058823529411764, 0.5047058823529412, 0.5023529411764706, 0.5041176470588236, 0.5052941176470588, 0.5029411764705882], "loss": [2.6839418770285213, 1.1539276390917161, 0.582351875445422, 0.3128510545281803, 0.19897660981206333, 0.13614096929045286, 0.10197091838892769, 0.08067244466613321, 0.06879888045437196, 0.058752466615508585, 0.051505913383820476, 0.045668964675244166], "acc": [0.41308823529411764, 0.7163235294117647, 0.8791176470588236, 0.955735294117647, 0.9827941176470588, 0.9936764705882353, 0.9980882352941176, 0.9995588235294117, 0.9994117647058823, 0.9998529411764706, 1.0, 1.0]}