{"val_loss": [2.332926289240519, 2.1621973139444988, 2.075607923189799, 2.061746267636617, 2.0684994071324665, 2.056366321881612, 2.0601869173049927, 2.0680759751001996, 2.0735720523198444, 2.0726159505844115, 2.077883996963501], "val_acc": [0.47066666674613955, 0.5053333334128062, 0.518, 0.534666666507721, 0.526, 0.537333333015442, 0.5319999996821085, 0.5366666671435039, 0.5366666666666666, 0.532, 0.532], "loss": [2.5916590061187743, 0.7488100188573201, 0.2420191730260849, 0.1096111762523651, 0.06786887981494268, 0.04822873152295749, 0.039779808183511095, 0.033259614914655684, 0.028959662993748983, 0.02555816151201725, 0.022865564212203027], "acc": [0.42733333333333334, 0.828, 0.9661666666666666, 0.9945, 0.999, 0.9998333333333334, 1.0, 1.0, 1.0, 1.0, 1.0]}